{"cameraMode":{"drawMode":0,"name":"Shaded","section":"Shading Mode"},"sceneLighting":true,"audioPlay":false,"sceneViewState":{"showFog":true,"showMaterialUpdate":false,"showSkybox":true,"showFlares":true,"showImageEffects":true,"showParticleSystems":true},"in2DMode":false,"pivot":{"x":232.72000122070313,"y":4.159746170043945,"z":911.086181640625},"rotation":{"x":0.1088281199336052,"y":-0.8867126107215881,"z":0.3613823652267456,"w":0.2670307457447052},"size":1.8462083339691163,"orthographic":false}