{"cameraMode":{"drawMode":0,"name":"Shaded","section":"Shading Mode"},"sceneLighting":true,"audioPlay":false,"sceneViewState":{"showFog":true,"showMaterialUpdate":false,"showSkybox":true,"showFlares":true,"showImageEffects":true,"showParticleSystems":true},"in2DMode":false,"pivot":{"x":3.169999837875366,"y":3.7197461128234865,"z":662.356201171875},"rotation":{"x":0.15045058727264405,"y":-0.7941232323646545,"z":0.21849805116653443,"w":0.5468040704727173},"size":1.8272557258605958,"orthographic":false}