{"cameraMode":{"drawMode":0,"name":"Shaded","section":"Shading Mode"},"sceneLighting":true,"audioPlay":false,"sceneViewState":{"showFog":true,"showMaterialUpdate":false,"showSkybox":true,"showFlares":true,"showImageEffects":true,"showParticleSystems":true},"in2DMode":false,"pivot":{"x":3.1800129413604738,"y":3.9100632667541506,"z":3.80010986328125},"rotation":{"x":-0.04398662969470024,"y":-0.938485860824585,"z":0.31674355268478396,"w":-0.1303309202194214},"size":134.5413055419922,"orthographic":false}