{"cameraMode":{"drawMode":0,"name":"Shaded","section":"Shading Mode"},"sceneLighting":true,"audioPlay":false,"sceneViewState":{"showFog":true,"showMaterialUpdate":false,"showSkybox":true,"showFlares":true,"showImageEffects":true,"showParticleSystems":true},"in2DMode":false,"pivot":{"x":230.7273406982422,"y":3.816924571990967,"z":910.6494140625},"rotation":{"x":0.05245771259069443,"y":-0.8275094032287598,"z":0.0784347802400589,"w":0.5534740686416626},"size":2.0529706478118898,"orthographic":false}