{"cameraMode":{"drawMode":0,"name":"Shaded","section":"Shading Mode"},"sceneLighting":true,"audioPlay":false,"sceneViewState":{"showFog":true,"showMaterialUpdate":false,"showSkybox":true,"showFlares":true,"showImageEffects":true,"showParticleSystems":true},"in2DMode":false,"pivot":{"x":230.6865997314453,"y":3.71783185005188,"z":910.8291015625},"rotation":{"x":0.014171084389090538,"y":-0.9763250350952148,"z":0.20503655076026917,"w":0.06748180091381073},"size":2.299337863922119,"orthographic":false}