{"cameraMode":{"drawMode":0,"name":"Shaded","section":"Shading Mode"},"sceneLighting":true,"audioPlay":false,"sceneViewState":{"showFog":true,"showMaterialUpdate":false,"showSkybox":true,"showFlares":true,"showImageEffects":true,"showParticleSystems":true},"in2DMode":false,"pivot":{"x":230.55307006835938,"y":3.9215855598449709,"z":910.796875},"rotation":{"x":0.0615132711827755,"y":-0.9098319411277771,"z":0.14589500427246095,"w":0.38360467553138735},"size":0.7937077879905701,"orthographic":false}