{"cameraMode":{"drawMode":0,"name":"Shaded","section":"Shading Mode"},"sceneLighting":true,"audioPlay":false,"sceneViewState":{"showFog":true,"showMaterialUpdate":false,"showSkybox":true,"showFlares":true,"showImageEffects":true,"showParticleSystems":true},"in2DMode":false,"pivot":{"x":229.05368041992188,"y":3.9596641063690187,"z":910.8091430664063},"rotation":{"x":0.012137713842093945,"y":-0.9496142268180847,"z":0.03705357760190964,"w":0.311013400554657},"size":1.2117185592651368,"orthographic":false}