{"cameraMode":{"drawMode":0,"name":"Shaded","section":"Shading Mode"},"sceneLighting":true,"audioPlay":false,"sceneViewState":{"showFog":true,"showMaterialUpdate":false,"showSkybox":true,"showFlares":true,"showImageEffects":true,"showParticleSystems":true},"in2DMode":false,"pivot":{"x":229.05368041992188,"y":3.9596641063690187,"z":910.8091430664063},"rotation":{"x":0.05612486973404884,"y":-0.9431237578392029,"z":0.21139638125896455,"w":0.25039175152778628},"size":255.38597106933595,"orthographic":false}