{"cameraMode":{"drawMode":0,"name":"Shaded","section":"Shading Mode"},"sceneLighting":true,"audioPlay":false,"sceneViewState":{"showFog":true,"showMaterialUpdate":false,"showSkybox":true,"showFlares":true,"showImageEffects":true,"showParticleSystems":true},"in2DMode":false,"pivot":{"x":230.7273406982422,"y":3.816924571990967,"z":910.6494140625},"rotation":{"x":0.30663445591926577,"y":-0.10138988494873047,"z":0.03287321701645851,"w":0.9458452463150024},"size":1.0765626430511475,"orthographic":false}