{"cameraMode":{"drawMode":0,"name":"Shaded","section":"Shading Mode"},"sceneLighting":true,"audioPlay":false,"sceneViewState":{"showFog":true,"showMaterialUpdate":false,"showSkybox":true,"showFlares":true,"showImageEffects":true,"showParticleSystems":true},"in2DMode":false,"pivot":{"x":2.929999828338623,"y":3.7197461128234865,"z":144.98617553710938},"rotation":{"x":-0.44912993907928469,"y":0.5476641058921814,"z":-0.4575594961643219,"w":-0.5375752449035645},"size":681.3302001953125,"orthographic":false}