{"cameraMode":{"drawMode":0,"name":"Shaded","section":"Shading Mode"},"sceneLighting":true,"audioPlay":false,"sceneViewState":{"showFog":true,"showMaterialUpdate":false,"showSkybox":true,"showFlares":true,"showImageEffects":true,"showParticleSystems":true},"in2DMode":false,"pivot":{"x":3.169999837875366,"y":3.7197461128234865,"z":662.356201171875},"rotation":{"x":0.010033410042524338,"y":-0.982778787612915,"z":0.17579175531864167,"w":0.05608806386590004},"size":6.433032035827637,"orthographic":false}