{"cameraMode":{"drawMode":0,"name":"Shaded","section":"Shading Mode"},"sceneLighting":true,"audioPlay":false,"sceneViewState":{"showFog":true,"showMaterialUpdate":false,"showSkybox":true,"showFlares":true,"showImageEffects":true,"showParticleSystems":true},"in2DMode":false,"pivot":{"x":0.8351098895072937,"y":3.2477636337280275,"z":-7.0},"rotation":{"x":-0.11899735033512116,"y":0.5676784515380859,"z":-0.08336599171161652,"w":-0.810329258441925},"size":2.5165998935699465,"orthographic":false}