{"cameraMode":{"drawMode":0,"name":"Shaded","section":"Shading Mode"},"sceneLighting":true,"audioPlay":false,"sceneViewState":{"showFog":true,"showMaterialUpdate":false,"showSkybox":true,"showFlares":true,"showImageEffects":true,"showParticleSystems":true},"in2DMode":false,"pivot":{"x":-4.929999828338623,"y":4.159746170043945,"z":674.7962036132813},"rotation":{"x":0.04372277483344078,"y":-0.9499587416648865,"z":0.2675171494483948,"w":0.1552620828151703},"size":7.627136707305908,"orthographic":false}